{"meta": {"format": 3, "version": "7.11.1", "timestamp": "2025-11-11T15:04:22.711527", "branch_coverage": false, "show_contexts": false}, "files": {"src\\api\\batch.py": {"executed_lines": [1, 8, 9, 10, 11, 12, 14, 15, 19, 21, 26, 27, 79, 80, 97, 98, 120, 121, 143, 144, 161, 162, 179, 180, 213, 214, 281, 282, 349, 350, 414, 415, 473, 474, 537, 538, 563, 564, 589, 590, 647, 648, 700, 702, 703, 705, 706, 707, 709, 710, 720, 722, 724, 725, 728, 730, 731, 733, 734, 735, 737, 738, 745, 747, 749, 750, 753, 755, 766, 769, 771, 776, 779, 781, 790, 793, 795, 801, 804, 806, 812, 815, 817, 823, 827], "summary": {"covered_lines": 84, "num_statements": 339, "percent_covered": 24.778761061946902, "percent_covered_display": "25", "missing_lines": 255, "excluded_lines": 0}, "missing_lines": [32, 33, 34, 35, 36, 37, 39, 40, 46, 47, 48, 49, 55, 56, 57, 58, 63, 67, 68, 70, 72, 73, 74, 75, 76, 82, 83, 85, 86, 88, 90, 91, 92, 93, 94, 103, 104, 106, 108, 109, 111, 113, 114, 115, 116, 117, 126, 127, 129, 131, 132, 134, 136, 137, 138, 139, 140, 146, 147, 149, 150, 152, 154, 155, 156, 157, 158, 164, 165, 167, 168, 170, 172, 173, 174, 175, 176, 185, 187, 188, 189, 190, 191, 192, 197, 199, 200, 202, 204, 205, 206, 207, 208, 222, 224, 225, 226, 227, 233, 235, 236, 237, 238, 240, 242, 246, 247, 253, 259, 264, 265, 267, 274, 275, 276, 277, 278, 290, 292, 293, 294, 295, 301, 303, 304, 305, 306, 308, 310, 314, 315, 321, 327, 332, 333, 335, 342, 343, 344, 345, 346, 355, 356, 357, 358, 359, 360, 361, 362, 365, 366, 372, 373, 374, 375, 381, 389, 394, 395, 397, 405, 406, 407, 408, 409, 420, 421, 422, 423, 424, 425, 428, 429, 435, 436, 437, 438, 444, 450, 455, 456, 458, 466, 467, 468, 469, 470, 479, 480, 481, 482, 483, 484, 487, 488, 489, 490, 496, 497, 498, 499, 505, 511, 516, 517, 519, 528, 529, 530, 531, 532, 540, 541, 543, 544, 552, 558, 559, 560, 566, 567, 569, 570, 578, 584, 585, 586, 592, 594, 597, 600, 609, 611, 612, 613, 614, 615, 617, 618, 620, 621, 622, 623, 624, 626, 627, 629, 642, 643, 644, 650, 654, 693, 694, 695], "excluded_lines": [], "functions": {"submit_batch_job": {"executed_lines": [], "summary": {"covered_lines": 0, "num_statements": 25, "percent_covered": 0.0, "percent_covered_display": "0", "missing_lines": 25, "excluded_lines": 0}, "missing_lines": [32, 33, 34, 35, 36, 37, 39, 40, 46, 47, 48, 49, 55, 56, 57, 58, 63, 67, 68, 70, 72, 73, 74, 75, 76], "excluded_lines": []}, "get_job_status": {"executed_lines": [], "summary": {"covered_lines": 0, "num_statements": 10, "percent_covered": 0.0, "percent_covered_display": "0", "missing_lines": 10, "excluded_lines": 0}, "missing_lines": [82, 83, 85, 86, 88, 90, 91, 92, 93, 94], "excluded_lines": []}, "cancel_job": {"executed_lines": [], "summary": {"covered_lines": 0, "num_statements": 11, "percent_covered": 0.0, "percent_covered_display": "0", "missing_lines": 11, "excluded_lines": 0}, "missing_lines": [103, 104, 106, 108, 109, 111, 113, 114, 115, 116, 117], "excluded_lines": []}, "pause_job": {"executed_lines": [], "summary": {"covered_lines": 0, "num_statements": 11, "percent_covered": 0.0, "percent_covered_display": "0", "missing_lines": 11, "excluded_lines": 0}, "missing_lines": [126, 127, 129, 131, 132, 134, 136, 137, 138, 139, 140], "excluded_lines": []}, "resume_job": {"executed_lines": [], "summary": {"covered_lines": 0, "num_statements": 10, "percent_covered": 0.0, "percent_covered_display": "0", "missing_lines": 10, "excluded_lines": 0}, "missing_lines": [146, 147, 149, 150, 152, 154, 155, 156, 157, 158], "excluded_lines": []}, "get_active_jobs": {"executed_lines": [], "summary": {"covered_lines": 0, "num_statements": 10, "percent_covered": 0.0, "percent_covered_display": "0", "missing_lines": 10, "excluded_lines": 0}, "missing_lines": [164, 165, 167, 168, 170, 172, 173, 174, 175, 176], "excluded_lines": []}, "get_job_history": {"executed_lines": [], "summary": {"covered_lines": 0, "num_statements": 16, "percent_covered": 0.0, "percent_covered_display": "0", "missing_lines": 16, "excluded_lines": 0}, "missing_lines": [185, 187, 188, 189, 190, 191, 192, 197, 199, 200, 202, 204, 205, 206, 207, 208], "excluded_lines": []}, "import_nodes": {"executed_lines": [], "summary": {"covered_lines": 0, "num_statements": 24, "percent_covered": 0.0, "percent_covered_display": "0", "missing_lines": 24, "excluded_lines": 0}, "missing_lines": [222, 224, 225, 226, 227, 233, 235, 236, 237, 238, 240, 242, 246, 247, 253, 259, 264, 265, 267, 274, 275, 276, 277, 278], "excluded_lines": []}, "import_relationships": {"executed_lines": [], "summary": {"covered_lines": 0, "num_statements": 24, "percent_covered": 0.0, "percent_covered_display": "0", "missing_lines": 24, "excluded_lines": 0}, "missing_lines": [290, 292, 293, 294, 295, 301, 303, 304, 305, 306, 308, 310, 314, 315, 321, 327, 332, 333, 335, 342, 343, 344, 345, 346], "excluded_lines": []}, "export_graph": {"executed_lines": [], "summary": {"covered_lines": 0, "num_statements": 24, "percent_covered": 0.0, "percent_covered_display": "0", "missing_lines": 24, "excluded_lines": 0}, "missing_lines": [355, 356, 357, 358, 359, 360, 361, 362, 365, 366, 372, 373, 374, 375, 381, 389, 394, 395, 397, 405, 406, 407, 408, 409], "excluded_lines": []}, "batch_delete_nodes": {"executed_lines": [], "summary": {"covered_lines": 0, "num_statements": 22, "percent_covered": 0.0, "percent_covered_display": "0", "missing_lines": 22, "excluded_lines": 0}, "missing_lines": [420, 421, 422, 423, 424, 425, 428, 429, 435, 436, 437, 438, 444, 450, 455, 456, 458, 466, 467, 468, 469, 470], "excluded_lines": []}, "batch_validate_graph": {"executed_lines": [], "summary": {"covered_lines": 0, "num_statements": 24, "percent_covered": 0.0, "percent_covered_display": "0", "missing_lines": 24, "excluded_lines": 0}, "missing_lines": [479, 480, 481, 482, 483, 484, 487, 488, 489, 490, 496, 497, 498, 499, 505, 511, 516, 517, 519, 528, 529, 530, 531, 532], "excluded_lines": []}, "get_operation_types": {"executed_lines": [], "summary": {"covered_lines": 0, "num_statements": 8, "percent_covered": 0.0, "percent_covered_display": "0", "missing_lines": 8, "excluded_lines": 0}, "missing_lines": [540, 541, 543, 544, 552, 558, 559, 560], "excluded_lines": []}, "get_processing_modes": {"executed_lines": [], "summary": {"covered_lines": 0, "num_statements": 8, "percent_covered": 0.0, "percent_covered_display": "0", "missing_lines": 8, "excluded_lines": 0}, "missing_lines": [566, 567, 569, 570, 578, 584, 585, 586], "excluded_lines": []}, "get_status_summary": {"executed_lines": [], "summary": {"covered_lines": 0, "num_statements": 23, "percent_covered": 0.0, "percent_covered_display": "0", "missing_lines": 23, "excluded_lines": 0}, "missing_lines": [592, 594, 597, 600, 609, 611, 612, 613, 614, 615, 617, 618, 620, 621, 622, 623, 624, 626, 627, 629, 642, 643, 644], "excluded_lines": []}, "get_performance_stats": {"executed_lines": [], "summary": {"covered_lines": 0, "num_statements": 5, "percent_covered": 0.0, "percent_covered_display": "0", "missing_lines": 5, "excluded_lines": 0}, "missing_lines": [650, 654, 693, 694, 695], "excluded_lines": []}, "_parse_csv_nodes": {"executed_lines": [702, 703, 705, 706, 707, 709, 710, 720, 722, 724, 725], "summary": {"covered_lines": 11, "num_statements": 11, "percent_covered": 100.0, "percent_covered_display": "100", "missing_lines": 0, "excluded_lines": 0}, "missing_lines": [], "excluded_lines": []}, "_parse_csv_relationships": {"executed_lines": [730, 731, 733, 734, 735, 737, 738, 745, 747, 749, 750], "summary": {"covered_lines": 11, "num_statements": 11, "percent_covered": 100.0, "percent_covered_display": "100", "missing_lines": 0, "excluded_lines": 0}, "missing_lines": [], "excluded_lines": []}, "_get_operation_description": {"executed_lines": [755, 766], "summary": {"covered_lines": 2, "num_statements": 2, "percent_covered": 100.0, "percent_covered_display": "100", "missing_lines": 0, "excluded_lines": 0}, "missing_lines": [], "excluded_lines": []},