{"meta": {"format": 3, "version": "7.11.1", "timestamp": "2025-11-11T15:06:47.894219", "branch_coverage": false, "show_contexts": false}, "files": {"src\\api\\progressive.py": {"executed_lines": [1, 8, 9, 10, 11, 13, 14, 18, 20, 25, 26, 88, 89, 106, 107, 147, 148, 190, 191, 212, 213, 239, 240, 267, 268, 296, 297, 397, 398, 491, 492, 549, 551, 559, 562, 564, 572, 575, 577, 585, 588, 590, 620, 629, 631, 638, 641, 643, 650, 653, 655, 662, 665, 667, 674, 677, 679, 686, 689, 691, 698, 701, 703, 710, 713, 715, 722, 725, 727, 734, 738], "summary": {"covered_lines": 70, "num_statements": 259, "percent_covered": 27.027027027027028, "percent_covered_display": "27", "missing_lines": 189, "excluded_lines": 0}, "missing_lines": [31, 32, 33, 34, 35, 36, 37, 39, 40, 46, 47, 48, 49, 55, 56, 57, 58, 64, 65, 66, 67, 72, 76, 77, 79, 81, 82, 83, 84, 85, 91, 92, 94, 95, 97, 99, 100, 101, 102, 103, 112, 113, 114, 116, 117, 123, 124, 125, 126, 131, 135, 136, 138, 140, 141, 142, 143, 144, 153, 154, 155, 156, 157, 159, 160, 166, 167, 168, 169, 174, 178, 179, 181, 183, 184, 185, 186, 187, 195, 196, 198, 199, 201, 203, 204, 205, 206, 207, 215, 216, 218, 219, 228, 234, 235, 236, 242, 243, 245, 246, 256, 262, 263, 264, 270, 271, 273, 274, 283, 289, 290, 291, 302, 303, 304, 305, 306, 307, 309, 310, 316, 317, 318, 319, 320, 323, 336, 339, 340, 344, 347, 355, 356, 359, 367, 368, 370, 390, 391, 392, 393, 394, 402, 403, 404, 405, 408, 409, 410, 413, 414, 415, 418, 419, 422, 425, 426, 434, 435, 443, 444, 452, 453, 459, 460, 467, 486, 487, 488, 494, 498, 499, 502, 503, 505, 506, 507, 509, 510, 511, 514, 515, 516, 517, 518, 520, 542, 543, 544], "excluded_lines": [], "functions": {"start_progressive_load": {"executed_lines": [], "summary": {"covered_lines": 0, "num_statements": 30, "percent_covered": 0.0, "percent_covered_display": "0", "missing_lines": 30, "excluded_lines": 0}, "missing_lines": [31, 32, 33, 34, 35, 36, 37, 39, 40, 46, 47, 48, 49, 55, 56, 57, 58, 64, 65, 66, 67, 72, 76, 77, 79, 81, 82, 83, 84, 85], "excluded_lines": []}, "get_loading_progress": {"executed_lines": [], "summary": {"covered_lines": 0, "num_statements": 10, "percent_covered": 0.0, "percent_covered_display": "0", "missing_lines": 10, "excluded_lines": 0}, "missing_lines": [91, 92, 94, 95, 97, 99, 100, 101, 102, 103], "excluded_lines": []}, "update_loading_level": {"executed_lines": [], "summary": {"covered_lines": 0, "num_statements": 18, "percent_covered": 0.0, "percent_covered_display": "0", "missing_lines": 18, "excluded_lines": 0}, "missing_lines": [112, 113, 114, 116, 117, 123, 124, 125, 126, 131, 135, 136, 138, 140, 141, 142, 143, 144], "excluded_lines": []}, "preload_adjacent_areas": {"executed_lines": [], "summary": {"covered_lines": 0, "num_statements": 20, "percent_covered": 0.0, "percent_covered_display": "0", "missing_lines": 20, "excluded_lines": 0}, "missing_lines": [153, 154, 155, 156, 157, 159, 160, 166, 167, 168, 169, 174, 178, 179, 181, 183, 184, 185, 186, 187], "excluded_lines": []}, "get_loading_statistics": {"executed_lines": [], "summary": {"covered_lines": 0, "num_statements": 10, "percent_covered": 0.0, "percent_covered_display": "0", "missing_lines": 10, "excluded_lines": 0}, "missing_lines": [195, 196, 198, 199, 201, 203, 204, 205, 206, 207], "excluded_lines": []}, "get_loading_strategies": {"executed_lines": [], "summary": {"covered_lines": 0, "num_statements": 8, "percent_covered": 0.0, "percent_covered_display": "0", "missing_lines": 8, "excluded_lines": 0}, "missing_lines": [215, 216, 218, 219, 228, 234, 235, 236], "excluded_lines": []}, "get_detail_levels": {"executed_lines": [], "summary": {"covered_lines": 0, "num_statements": 8, "percent_covered": 0.0, "percent_covered_display": "0", "missing_lines": 8, "excluded_lines": 0}, "missing_lines": [242, 243, 245, 246, 256, 262, 263, 264], "excluded_lines": []}, "get_loading_priorities": {"executed_lines": [], "summary": {"covered_lines": 0, "num_statements": 8, "percent_covered": 0.0, "percent_covered_display": "0", "missing_lines": 8, "excluded_lines": 0}, "missing_lines": [270, 271, 273, 274, 283, 289, 290, 291], "excluded_lines": []}, "estimate_load_time": {"executed_lines": [], "summary": {"covered_lines": 0, "num_statements": 30, "percent_covered": 0.0, "percent_covered_display": "0", "missing_lines": 30, "excluded_lines": 0}, "missing_lines": [302, 303, 304, 305, 306, 307, 309, 310, 316, 317, 318, 319, 320, 323, 336, 339, 340, 344, 347, 355, 356, 359, 367, 368, 370, 390, 391, 392, 393, 394], "excluded_lines": []}, "optimize_loading_settings": {"executed_lines": [], "summary": {"covered_lines": 0, "num_statements": 27, "percent_covered": 0.0, "percent_covered_display": "0", "missing_lines": 27, "excluded_lines": 0}, "missing_lines": [402, 403, 404, 405, 408, 409, 410, 413, 414, 415, 418, 419, 422, 425, 426, 434, 435, 443, 444, 452, 453, 459, 460, 467, 486, 487, 488], "excluded_lines": []}, "get_progressive_loading_health": {"executed_lines": [], "summary": {"covered_lines": 0, "num_statements": 20, "percent_covered": 0.0, "percent_covered_display": "0", "missing_lines": 20, "excluded_lines": 0}, "missing_lines": [494, 498, 499, 502, 503, 505, 506, 507, 509, 510, 511, 514, 515, 516, 517, 518, 520, 542, 543, 544], "excluded_lines": []}, "_get_strategy_description": {"executed_lines": [551, 559], "summary": {"covered_lines": 2, "num_statements": 2, "percent_covered": 100.0, "percent_covered_display": "100", "missing_lines": 0, "excluded_lines": 0}, "missing_lines": [], "excluded_lines": []}, "_get_strategy_use_cases": {"executed_lines": [564, 572], "summary": {"covered_lines": 2, "num_statements": 2, "percent_covered": 100.0, "percent_covered_display": "100", "missing_lines": 0, "excluded_lines": 0}, "missing_lines": [], "excluded_lines": []}, "_get_strategy_recommendations": {"executed_lines": [577, 585], "summary": {"covered_lines": 2, "num_statements": 2, "percent_covered": 100.0, "percent_covered_display": "100", "missing_lines": 0, "excluded_lines": 0}, "missing_lines": [], "excluded_lines": []}, "_get_strategy_performance": {"executed_lines": [590, 620], "summary": {"covered_lines": 2, "num_statements": 2, "percent_covered": 100.0, "percent_covered_display": "100", "missing_lines": 0, "excluded_lines": 0}, "missing_lines": [], "excluded_lines": []}, "_get_detail_level_description": {"executed_lines": [631, 638], "summary": {"covered_lines": 2, "num_statements": 2, "percent_covered": 100.0, "percent_covered_display": "100", "missing_lines": 0, "excluded_lines": 0}, "missing_lines": [], "excluded_lines": []}, "_get_detail_level_items": {"executed_lines": [643, 650], "summary": {"covered_lines": 2, "num_statements": 2, "percent_covered": 100.0, "percent_covered_display": "100", "missing_lines": 0, "excluded_lines": 0}, "missing_lines": [], "excluded_lines": []}, "_get_detail_level_performance": {"executed_lines": [655, 662], "summary": {"covered_lines": 2, "num_statements": 2, "percent_covered": 100.0, "percent_covered_display": "100", "missing_lines": 0, "excluded_lines": 0}, "missing_lines": [], "excluded_lines": []}, "_get_detail_level_memory": {"executed_lines": [667, 674], "summary": {"covered_lines": 2, "num_statements": 2, "percent_covered": 100.0, "percent_covered_display": "100", "missing_lines": 0, "excluded_lines": 0}, "missing_lines": [], "excluded_lines": []}, "_get_detail_level_conditions": {"executed_lines": [679, 686], "summary": {"covered_lines": 2, "num_statements": 2, "percent_covered": 100.0, "percent_covered_display": "100", "missing_lines": 0, "excluded_lines": 0}, "missing_lines": [], "excluded_lines": []}, "_get_priority_description": {"executed_lines": [691, 698], "summary": {"covered_lines": 2, "num_statements": 2, "percent_covered": 100.0, "percent_covered_display": "100", "missing_lines": 0, "excluded_lines": 0}, "missing_lines": [], "excluded_lines": []}, "_get_priority_use_cases": {"executed_lines": [703, 710], "summary": {"covered_lines": 2, "num_statements": 2, "percent_covered": 100.0,