{"meta": {"format": 3, "version": "7.11.1", "timestamp": "2025-11-11T15:09:22.535839", "branch_coverage": false, "show_contexts": false}, "files": {"src\\api\\visualization.py": {"executed_lines": [1, 8, 9, 10, 11, 13, 14, 19, 22, 24, 29, 30, 81, 82, 171, 172, 197, 198, 232, 233, 267, 268, 297, 298, 331, 332, 369, 370, 397, 398, 417, 418, 441, 442, 466, 467, 492, 493, 526, 527, 559, 560, 604, 606], "summary": {"covered_lines": 43, "num_statements": 235, "percent_covered": 18.29787234042553, "percent_covered_display": "18", "missing_lines": 192, "excluded_lines": 0}, "missing_lines": [35, 36, 37, 38, 39, 41, 42, 48, 49, 50, 51, 57, 58, 59, 60, 65, 69, 70, 72, 74, 75, 76, 77, 78, 84, 85, 86, 91, 93, 164, 165, 166, 167, 168, 178, 179, 181, 185, 186, 188, 190, 191, 192, 193, 194, 203, 204, 205, 208, 209, 210, 211, 216, 220, 221, 223, 225, 226, 227, 228, 229, 238, 239, 240, 241, 243, 244, 249, 253, 254, 256, 258, 259, 260, 261, 262, 270, 271, 272, 273, 275, 276, 281, 285, 286, 288, 290, 291, 292, 293, 294, 300, 301, 303, 304, 320, 326, 327, 328, 334, 335, 336, 341, 343, 360, 361, 362, 363, 364, 375, 376, 377, 379, 383, 384, 386, 388, 389, 390, 391, 392, 400, 401, 403, 404, 406, 408, 409, 410, 411, 412, 420, 421, 423, 424, 430, 436, 437, 438, 444, 445, 447, 448, 455, 461, 462, 463, 469, 470, 472, 473, 481, 487, 488, 489, 495, 496, 498, 499, 513, 515, 521, 522, 523, 529, 530, 531, 537, 540, 541, 543, 544, 546, 552, 553, 554, 555, 556, 562, 563, 564, 565, 566, 569, 573, 578, 579, 581, 597, 598, 599, 613], "excluded_lines": [], "functions": {"create_visualization": {"executed_lines": [], "summary": {"covered_lines": 0, "num_statements": 24, "percent_covered": 0.0, "percent_covered_display": "0", "missing_lines": 24, "excluded_lines": 0}, "missing_lines": [35, 36, 37, 38, 39, 41, 42, 48, 49, 50, 51, 57, 58, 59, 60, 65, 69, 70, 72, 74, 75, 76, 77, 78], "excluded_lines": []}, "get_visualization": {"executed_lines": [], "summary": {"covered_lines": 0, "num_statements": 10, "percent_covered": 0.0, "percent_covered_display": "0", "missing_lines": 10, "excluded_lines": 0}, "missing_lines": [84, 85, 86, 91, 93, 164, 165, 166, 167, 168], "excluded_lines": []}, "update_visualization_filters": {"executed_lines": [], "summary": {"covered_lines": 0, "num_statements": 11, "percent_covered": 0.0, "percent_covered_display": "0", "missing_lines": 11, "excluded_lines": 0}, "missing_lines": [178, 179, 181, 185, 186, 188, 190, 191, 192, 193, 194], "excluded_lines": []}, "change_visualization_layout": {"executed_lines": [], "summary": {"covered_lines": 0, "num_statements": 16, "percent_covered": 0.0, "percent_covered_display": "0", "missing_lines": 16, "excluded_lines": 0}, "missing_lines": [203, 204, 205, 208, 209, 210, 211, 216, 220, 221, 223, 225, 226, 227, 228, 229], "excluded_lines": []}, "focus_on_node": {"executed_lines": [], "summary": {"covered_lines": 0, "num_statements": 15, "percent_covered": 0.0, "percent_covered_display": "0", "missing_lines": 15, "excluded_lines": 0}, "missing_lines": [238, 239, 240, 241, 243, 244, 249, 253, 254, 256, 258, 259, 260, 261, 262], "excluded_lines": []}, "create_filter_preset": {"executed_lines": [], "summary": {"covered_lines": 0, "num_statements": 15, "percent_covered": 0.0, "percent_covered_display": "0", "missing_lines": 15, "excluded_lines": 0}, "missing_lines": [270, 271, 272, 273, 275, 276, 281, 285, 286, 288, 290, 291, 292, 293, 294], "excluded_lines": []}, "get_filter_presets": {"executed_lines": [], "summary": {"covered_lines": 0, "num_statements": 8, "percent_covered": 0.0, "percent_covered_display": "0", "missing_lines": 8, "excluded_lines": 0}, "missing_lines": [300, 301, 303, 304, 320, 326, 327, 328], "excluded_lines": []}, "get_filter_preset": {"executed_lines": [], "summary": {"covered_lines": 0, "num_statements": 10, "percent_covered": 0.0, "percent_covered_display": "0", "missing_lines": 10, "excluded_lines": 0}, "missing_lines": [334, 335, 336, 341, 343, 360, 361, 362, 363, 364], "excluded_lines": []}, "export_visualization": {"executed_lines": [], "summary": {"covered_lines": 0, "num_statements": 12, "percent_covered": 0.0, "percent_covered_display": "0", "missing_lines": 12, "excluded_lines": 0}, "missing_lines": [375, 376, 377, 379, 383, 384, 386, 388, 389, 390, 391, 392], "excluded_lines": []}, "get_visualization_metrics": {"executed_lines": [], "summary": {"covered_lines": 0, "num_statements": 10, "percent_covered": 0.0, "percent_covered_display": "0", "missing_lines": 10, "excluded_lines": 0}, "missing_lines": [400, 401, 403, 404, 406, 408, 409, 410, 411, 412], "excluded_lines": []}, "get_visualization_types": {"executed_lines": [], "summary": {"covered_lines": 0, "num_statements": 8, "percent_covered": 0.0, "percent_covered_display": "0", "missing_lines": 8, "excluded_lines": 0}, "missing_lines": [420, 421, 423, 424, 430, 436, 437, 438], "excluded_lines": []}, "get_layout_algorithms": {"executed_lines": [], "summary": {"covered_lines": 0, "num_statements": 8, "percent_covered": 0.0, "percent_covered_display": "0", "missing_lines": 8, "excluded_lines": 0}, "missing_lines": [444, 445, 447, 448, 455, 461, 462, 463], "excluded_lines": []}, "get_filter_types": {"executed_lines": [], "summary": {"covered_lines": 0, "num_statements": 8, "percent_covered": 0.0, "percent_covered_display": "0", "missing_lines": 8, "excluded_lines": 0}, "missing_lines": [469, 470, 472, 473, 481, 487, 488, 489], "excluded_lines": []}, "get_active_visualizations": {"executed_lines": [], "summary": {"covered_lines": 0, "num_statements": 9, "percent_covered": 0.0, "percent_covered_display": "0", "missing_lines": 9, "excluded_lines": 0}, "missing_lines": [495, 496, 498, 499, 513, 515, 521, 522, 523], "excluded_lines": []}, "delete_visualization": {"executed_lines": [], "summary": {"covered_lines": 0, "num_statements": 14, "percent_covered": 0.0, "percent_covered_display": "0", "missing_lines": 14, "excluded_lines": 0}, "missing_lines": [529, 530, 531, 537, 540, 541, 543, 544, 546, 552, 553, 554, 555, 556], "excluded_lines": []}, "get_performance_stats": {"executed_lines": [], "summary": {"covered_lines": 0, "num_statements": 13, "percent_covered": 0.0, "percent_covered_display": "0", "missing_lines": 13, "excluded_lines": 0}, "missing_lines": [562, 563, 564, 565, 566, 569, 573, 578, 579, 581, 597, 598, 599], "excluded_lines": []}, "_get_layout_suitability": {"executed_lines": [606], "summary": {"covered_lines": 1, "num_statements": 2, "percent_covered": 50.0, "percent_covered_display": "50", "missing_lines": 1, "excluded_lines": 0}, "missing_lines": [613], "excluded_lines": []}, "": {"executed_lines": [1, 8, 9, 10, 11, 13, 14, 19, 22, 24, 29, 30, 81, 82, 171, 172, 197, 198, 232, 233, 267, 268, 297, 298, 331, 332, 369, 370, 397, 398, 417, 418, 441, 442, 466, 467, 492, 493, 526, 527, 559, 560, 604], "summary": {"covered_lines": 42, "num_statements": 42, "percent_covered": 100.0, "percent_covered_display": "100", "missing_lines": 0, "excluded_lines": 0}, "missing_lines": [], "excluded_lines": []}}, "classes": {"": {"executed_lines": [1, 8, 9, 10, 11, 13, 14, 19, 22, 24, 29, 30, 81, 82, 171, 172, 197, 198, 232, 233, 267, 268, 297, 298, 331, 332, 369, 370, 397, 398, 417, 418, 441, 442, 466, 467, 492, 493, 526, 527, 559, 560, 604, 606], "summary": {"covered_lines": 43, "num_statements": 235, "percent_covered": 18.29787234042553, "percent_covered_display": "18", "missing_lines": 192, "excluded_lines": 0},